-0.330371,7.53662,8.66994,0
-1.29255,8.6009,8.30641,0
0.589452,-1.93485,3.52,0
0.714251,2.70218,1.31255,0
-0.11593,7.23181,7.95014,0
1.81654,-2.70934,1.41836,0
-1.01992,-1.40691,2.9625,0
-1.77681,6.40437,10.2415,0
0.127386,6.03677,9.66599,0
-0.949267,7.94262,9.22741,0
-0.360343,3.96212,3.47487,0
1.3924,-0.481287,1.87539,0
0.0948739,-1.31329,4.56347,0
-2.49423,8.07461,8.85102,0
-1.26001,7.56711,10.0754,0
1.45965,5.30053,1.50547,0
1.53425,0.648409,3.02269,0
1.74863,-1.67214,3.50471,0
0.816843,-1.93487,2.34561,0
0.862995,5.64224,2.40106,0
1.17488,4.15798,1.83615,0
1.65167,-1.73295,2.06656,0
2.08947,4.29826,0.755796,0
0.814521,-0.665666,2.78067,0
2.17653,-3.07198,1.97065,0
-0.974881,8.51492,8.53145,0
1.63077,4.76512,0.400676,0
0.846025,-0.00164292,1.61531,0
1.11501,-0.648522,3.18295,0
-1.61789,7.53745,11.023,0
-1.07047,7.68632,9.79486,0
0.0364646,4.86013,0.593097,0
-1.01478,9.39958,8.97136,0
2.95027,-0.0823396,3.11601,0
-3.32413,8.33789,9.77809,0
0.698927,3.83165,1.86994,0
1.60847,3.75413,2.57639,0
0.231884,7.93145,9.57793,0
0.615675,8.442,9.65279,0
-1.6593,8.26132,8.75543,0
-1.90317,7.85137,7.84014,0
0.714598,4.12441,1.3625,0
-3.89785,7.57391,10.7158,0
2.35801,-0.0338825,2.16022,0
-0.841787,-1.49731,0.864206,0
-1.86805,7.77824,9.03436,0
1.94275,4.1699,1.4795,0
1.04913,4.28523,2.1553,0
-1.43085,8.66387,8.41089,0
2.2624,5.17556,1.06931,0
-1.21532,9.31574,8.58993,0
0.158049,4.3865,0.764209,0
-1.77222,7.69191,9.87814,0
-0.874731,8.04114,10.2434,0
0.929141,3.40786,3.25734,0
2.99923,-2.14707,3.07419,0
0.667206,-2.07693,3.39775,0
2.09702,-2.52891,2.55293,0
0.914485,-1.78411,3.08309,0
-0.377725,-3.16488,2.22804,0
-1.91738,9.15695,6.82474,0
1.00971,4.98435,0.491771,0
1.22474,-4.74903,3.47813,0
0.64424,4.00769,-0.163093,0
2.81996,5.82929,0.609732,0
-2.11752,9.43034,8.94239,0
0.706227,-1.6993,2.9754,0
1.79471,4.70594,2.17332,0
-1.67276,8.46072,10.0431,0
-0.918957,7.61142,10.1561,0
1.81023,3.66138,1.95525,0
-1.70206,8.84947,9.76894,0
1.38121,-1.01768,2.87489,0
-0.307153,10.1825,9.70716,0
0.63526,-2.36859,3.53007,0
-2.97412,6.20939,8.54008,0
2.02228,4.40543,2.61543,0
-0.781987,7.60273,8.69104,0
1.28875,-2.12639,2.47022,0
1.37486,3.25061,1.41579,0
2.00841,4.84374,-0.195994,0
0.778678,-2.46697,2.48724,0
-0.195296,-3.77836,2.93308,0
2.02386,3.87989,-1.4595,0
0.938005,0.144158,1.91496,0
-3.37038,6.96882,9.10828,0
-1.56442,9.24982,7.87672,0
-0.619564,7.73115,9.63893,0
-1.96117,7.21958,10.3726,0
1.9756,4.34396,2.56374,0
0.0528789,7.1804,10.1753,0
-1.3189,8.05464,9.0263,0
-1.01653,7.6502,9.10022,0
0.641658,-0.984196,3.25352,0
-3.45041,6.26958,8.87358,0
0.142592,-0.590338,3.5843,0
1.91617,4.91018,2.05703,0
-2.17228,7.20662,11.3027,0
1.05525,5.10987,2.57437,0
-0.89851,9.62222,8.66195,0
-0.588939,6.46497,9.90857,0
0.792473,-1.19743,2.73669,0
-0.749116,4.66304,2.9372,0
-2.1759,7.03635,10.1832,0
1.2248,4.27254,1.91579,0
1.92346,-0.98943,3.40329,0
-0.530308,8.33655,10.3254,0
-0.274616,5.22904,1.15048,0
0.346628,3.83153,0.541906,0
0.94773,-2.00692,4.31835,0
-0.172619,6.05418,3.24169,0
0.405168,2.33586,2.11615,0
0.75033,2.64922,1.41554,0
-2.58538,7.5808,9.27937,0
0.109481,3.7376,1.77881,0
-2.84796,8.14305,8.37884,0
0.940839,3.99263,-0.553674,0
-0.829837,7.96777,9.39941,0
-1.42482,6.24494,9.25747,0
-1.31614,8.11084,9.73677,0
-2.90432,7.74181,7.9722,0
0.663829,-1.55569,3.54892,0
0.760743,-2.19012,1.98373,0
-0.211872,4.15437,1.75194,0
-0.383427,2.16577,2.4562,0
0.457261,7.34888,7.60382,0
0.429403,8.3321,10.2611,0
0.802998,5.38439,-0.837527,0
-1.88436,8.49692,9.70577,0
-0.782331,7.54182,8.83905,0
1.85497,4.31175,3.14384,0
-0.177431,6.29959,8.4525,0
0.153531,-2.84936,2.99321,0
1.4647,3.46546,2.43643,0
1.03528,-0.567632,3.99292,0
0.294218,-0.497332,1.83272,0
0.824155,-2.32279,1.92963,0
4.03359,4.62933,2.4404,0
1.05896,5.32636,0.576216,0
-0.175528,4.45897,1.42326,0
0.297493,3.95016,1.31452,0
-0.383781,9.03147,9.62474,0
1.30475,-2.61268,3.99617,0
-1.95103,7.09001,8.94432,0
0.550961,-2.21447,3.79297,0
-0.275408,7.24848,8.35156,0
-0.538745,3.41012,1.37502,0
0.968629,-1.62943,2.94418,0
-0.427266,7.48058,8.9646,0
0.399862,-0.445952,2.52613,0
-3.66465,9.19278,9.53143,0
1.80584,4.09647,3.17327,0
-0.0434892,7.82683,9.29173,0
0.480379,-0.93458,2.92518,0
0.390581,-3.4046,3.4971,0
-0.896877,3.29753,1.8431,0
0.180084,2.90325,1.87092,0
1.74952,5.81586,3.36025,0
-0.149603,-0.531792,3.74826,0
0.726999,3.1449,2.10686,0
-1.99145,8.40994,8.56798,0
-0.924314,3.16621,0.293229,0
1.46376,-0.980148,3.62426,0
2.81765,-2.80079,3.35076,0
1.4982,-0.84634,3.31784,0
0.409572,4.06164,3.56966,0
0.632653,4.23584,3.23185,0
0.760183,-0.936234,2.70894,0
0.700226,-1.79814,2.75942,0
-2.30603,7.95096,10.1205,0
0.0386083,3.74048,2.94853,0
1.47536,-0.798575,2.87402,0
1.52019,3.1991,1.33155,0
0.790798,-3.07356,3.45258,0
0.411242,-0.54943,2.36195,0
0.791036,4.17766,1.80668,0
-2.84917,6.95855,8.81251,0
1.39963,-0.943827,3.95767,0
0.293745,-0.808601,3.63028,0
1.06973,2.68415,0.429841,0
0.292211,5.56611,0.0497109,0
0.674963,4.20668,2.24875,0
0.758253,4.76344,1.75698,0
2.73877,3.02155,2.32509,0
-1.57954,6.60862,10.1467,0
-1.20702,8.30243,9.20711,0
0.498001,-1.34057,1.07301,0
-2.69955,6.82258,8.33492,0
0.311375,6.29849,9.72838,0
0.128602,-0.561418,4.82797,0
0.801327,-1.90289,1.70263,0
1.83451,4.39812,0.569364,0
-3.12171,8.89394,8.38822,0
-1.42079,6.88251,11.2454,0
1.34859,-3.35695,2.92373,0
0.298912,-0.820986,4.40364,0
0.0949917,8.36682,10.4869,0
2.3503,-3.25749,2.78601,0
0.131498,7.62233,10.8814,0
1.36237,3.83877,2.17496,0
1.54291,2.54396,0.799298,0
1.08462,4.56546,1.14051,0
-1.89931,8.1851,7.35885,0
1.2393,-2.11402,2.3867,0
0.70178,5.67567,1.75916,0
1.19373,-2.29889,3.44284,0
0.953722,-1.97315,3.30026,0
0.641249,2.58682,0.593402,0
1.90586,3.24099,1.16886,0
1.10028,5.21418,2.60044,0
-1.428,5.94325,11.3688,0
0.430312,-0.960741,3.69655,0
0.411065,0.0415412,3.5349,0
0.402983,6.55697,9.69427,0
-1.50704,7.08334,9.50605,0
0.574045,2.77077,3.60151,0
0.953564,-3.14479,4.07756,0
1.98234,3.26667,0.25,0
2.14082,-2.14368,2.82415,0
0.379847,-1.74485,3.36585,0
2.18797,3.56152,3.15381,0
3.05303,-2.11733,3.21727,0
1.81579,5.54281,0.270464,0
0.90482,-2.43127,1.56939,0
-0.648277,7.9813,8.83398,0
0.87884,4.94266,3.11665,0
-1.46346,8.44888,7.97234,0
1.1212,4.65979,2.63014,0
-2.38773,8.0602,8.77092,0
-1.57468,7.27596,8.30977,0
1.36007,7.79655,9.98407,0
-2.33874,8.3297,7.88867,0
-0.840503,4.11577,2.14433,0
-2.72128,7.09452,9.93195,0
-0.109385,3.03527,1.28054,0
-0.877535,7.52964,9.68438,0
-0.929393,7.95977,8.2174,0
-1.16141,7.78153,8.48013,0
1.7248,0.0813955,3.7578,0
0.917644,5.56036,2.35201,0
-0.766067,3.23531,3.71062,0
1.96039,3.14458,1.61873,0
-3.30474,7.43667,9.09973,0
-0.027814,8.46537,11.5424,0
-0.780537,-2.11985,3.96852,0
0.880734,-2.32556,3.89546,0
0.250266,-1.35267,2.73558,0
1.11617,2.95706,0.85552,0
-2.33671,8.57411,8.88762,0
2.24866,3.50079,3.07757,0
0.315166,3.1236,2.25291,0
2.34052,5.40338,1.42753,0
0.394597,3.76595,0.499244,0
-1.27306,8.45031,10.37,0
0.910536,-2.1829,3.24757,0
2.70384,4.35384,2.08977,0
-0.360473,-3.03773,1.68383,0
0.268123,-0.401818,3.93857,0
-2.01872,-1.09524,2.18883,0
1.76623,4.50313,1.91527,0
-1.61954,6.76946,10.0311,0
-1.69433,7.58043,9.04028,0
1.17048,3.33629,3.12353,0
1.62133,3.00155,2.33012,0
-1.69933,7.85528,10.2088,0
1.24913,2.3466,1.60328,0
-0.669511,6.98307,8.70682,0
1.1986,4.09914,2.00882,0
1.04613,-0.515687,3.76303,0
-1.50703,7.08559,9.01211,0
1.19853,4.73897,2.00952,0
-0.0651451,6.73877,10.3149,0
4.0778,5.16254,0.900492,0
0.0619067,-1.94839,1.86158,0
1.39641,-1.5744,3.23664,0
2.42111,4.49665,1.6344,0
-1.39728,0.627553,2.23871,0
0.93927,-0.384959,3.7763,0
0.67788,-1.30717,2.2628,0
3.80928,-0.627334,2.37695,0
-0.360508,5.47517,8.99041,0
1.14135,4.90048,2.81605,0
0.135954,-0.952052,1.81425,0
-1.00027,7.82859,10.0173,0
0.282097,-3.57554,4.01104,0
1.86092,-3.89775,5.05007,0
0.0478019,-2.73627,3.83969,0
0.142853,7.39016,11.3821,0
2.64992,6.27918,0.878255,0
1.22465,5.62852,2.76231,0
1.01139,-2.1563,3.25738,0
0.554564,2.05276,0.369543,0
0.261067,7.29494,8.46531,0
2.1207,-0.704566,1.92504,0
0.293308,3.65066,2.48503,0
-1.96938,7.70473,9.7425,0
-0.903066,7.36263,9.03981,0
0.511325,-2.21632,4.52866,0
-1.16169,6.98241,9.51701,0
-3.2377,7.27798,8.88069,0
1.93664,-1.57199,2.69987,0
0.631058,-0.841723,3.86576,0
1.69049,6.58812,3.61937,0
0.745083,2.69354,3.48587,0
1.43307,-2.02699,4.12073,0
1.2116,3.44928,2.61204,0
2.46388,3.71553,0.655006,0
1.50562,-2.97082,3.59472,0
1.32031,3.19447,2.39733,0
3.0238,-0.643392,2.24908,0
0.61866,0.929925,2.94386,0
-0.848988,7.61915,11.0044,0
-1.41539,7.76069,10.6728,0
-1.58636,8.1677,10.0639,0
-0.318551,2.00273,4.70708,0
0.501093,-1.81586,1.18737,0
-1.09166,7.05083,11.0055,0
2.05418,4.28176,1.58922,0
-0.479598,9.3447,8.70064,0
-0.991876,8.97194,9.18274,0
-1.11715,7.45941,9.09741,0
2.14816,4.29285,1.72784,0
-0.811426,8.7221,7.75776,0
-0.0101336,-0.998242,4.1618,0
0.458959,4.35945,2.2449,0
2.09221,5.64324,0.287834,0
-0.0815345,7.35824,9.69666,0
-1.5495,8.68706,10.5859,0
1.64289,-3.28326,1.78111,0
-1.50444,6.38792,8.87022,0
1.10082,4.51034,1.15027,0
-1.16901,7.53576,6.35184,0
0.162672,-1.81277,1.99134,0
-2.27376,7.10739,8.96969,0
-1.61195,8.47752,9.3448,0
2.11014,-1.3067,3.28584,0
1.13693,3.4448,1.84885,0
1.86214,-2.28854,3.75536,0
-1.64933,9.31306,8.57485,0
-0.855298,8.05251,8.92521,0
0.923336,4.63679,1.40629,0
1.5984,-0.710921,1.99579,0
1.35343,4.23323,2.65943,0
0.106504,7.52761,9.06806,0
0.99103,3.91274,1.66685,0
1.09112,3.71797,2.35404,0
0.374536,8.97811,11.5265,0
0.240045,8.12589,8.99076,0
1.17169,5.79217,2.38011,0
0.576151,6.8808,9.4334,0
0.214799,-2.00046,1.81229,0
0.49685,4.61515,1.27925,0
-2.22751,8.08637,8.13606,0
-2.89288,8.27318,8.84314,0
1.01276,-1.21256,2.95421,0
1.44842,5.1237,2.96279,0
-0.676275,4.78113,7.43868,0
-2.38116,7.8812,10.2118,0
-0.0850905,4.97892,2.96916,0
0.849375,-0.191208,4.50084,0
-1.46365,7.12074,8.47553,0
-0.312013,4.31336,2.47293,0
-1.9817,9.51823,10.5386,0
-0.276295,-0.367744,3.50866,0
-0.0871956,-1.94563,3.62925,0
-2.08487,8.19699,7.34804,0
-2.52011,8.26084,9.11876,0
0.931774,8.54493,10.1976,0
0.461451,-1.49506,1.47761,0
1.32981,5.33413,1.55233,0
2.87732,3.43047,1.97341,0
-0.221917,5.07056,2.27279,0
-2.37235,8.23502,9.69852,0
1.40435,3.264,2.3465,0
2.75892,-1.23084,3.03393,0
1.48322,4.44697,1.5497,0
0.552906,8.43186,9.09909,0
0.00884171,7.27912,9.53229,0
1.81499,-0.972809,3.57167,0
1.07233,-0.387388,4.28993,0
1.17962,-2.54963,2.93566,0
1.9521,-0.495483,3.14391,0
0.0639164,-1.52139,2.9987,0
1.34059,-2.2388,3.94628,0
2.19051,3.72957,-0.0676832,0
2.38521,-0.780674,2.96667,0
-1.90328,9.07092,8.99148,0
0.902071,-1.52263,1.13067,0
0.904288,4.37244,3.22084,0
1.07038,4.68583,0.254466,0
2.09573,3.33521,3.2885,0
-1.08285,7.90721,7.80582,0
0.529906,-2.82158,2.31256,0
0.0812807,-2.47063,1.76385,0
1.44525,-1.783,1.68233,0
-2.15704,8.97228,8.36792,0
0.402726,3.92011,2.3469,0
0.320276,5.54592,0.586711,0
-2.37654,7.83379,10.1624,0
-0.36578,0.732949,4.21306,0
-2.37267,8.68422,9.65299,0
1.81399,2.81368,0.985053,0
-0.125926,5.38237,1.53653,0
1.50831,-0.835191,3.28718,0
0.291987,-1.47418,4.8616,0
1.16629,-2.09871,3.40354,0
2.0441,4.57538,2.67457,0
-0.553599,3.59845,-0.135856,0
-1.40528,6.59229,9.68254,0
1.06553,-2.45381,2.04172,0
1.3612,-1.28842,1.23944,0
-0.263748,7.99341,10.1414,0
-0.113472,-1.30529,3.25391,0
0.214869,6.27892,3.1612,0
0.57844,-1.82491,3.04057,0
2.10103,4.41585,2.57441,0
0.765325,3.32893,2.75448,0
2.54582,-0.887304,0.604619,0
2.75379,4.80727,2.06219,0
-1.4734,6.91383,8.20341,0
1.28701,-0.790545,4.24617,0
1.0776,-2.27266,2.42068,0
-1.44858,4.55652,2.10131,0
-0.366887,5.72929,2.28385,0
0.93988,-1.35707,3.74114,0
-2.41614,8.52241,9.96158,0
0.186306,3.83295,1.02221,0
-0.888644,9.67124,8.09249,0
-3.21941,7.28169,9.13868,0
0.390447,5.24135,1.80066,0
0.438834,4.61612,2.09904,0
-0.574788,8.31525,9.24948,0
0.770986,-2.09385,2.23663,0
-1.6708,8.26039,11.5843,0
-0.396868,-2.36272,4.07114,0
-0.147817,-2.33347,4.9341,0
0.290451,4.52251,2.62031,0
0.962643,4.0276,2.11061,0
-0.317364,4.98081,2.47932,0
1.06494,-0.41349,4.72433,0
0.459302,3.64295,2.36067,0
-1.04871,7.32208,8.863,0
-2.23726,8.63228,8.91595,0
2.68305,-1.16986,1.80827,0
2.28376,-1.82133,1.41131,0
3.57715,3.99905,1.47213,0
1.88355,-2.05825,4.82831,0
2.02641,4.27172,2.00753,0
0.386274,0.534995,2.82083,0
0.478197,3.9409,2.31923,0
0.202683,3.60777,1.64291,0
1.553,3.35786,1.74396,0
1.6524,-3.54303,4.55855,0
-0.162739,9.70805,10.2839,0
-1.93792,8.98405,8.04557,0
-0.368431,7.15004,8.42897,0
1.47511,-1.99766,2.2141,0
-0.542123,7.75289,8.0582,0
3.0762,-3.37748,3.36705,0
-0.889601,7.47076,8.39574,0
2.71652,3.9397,3.39922,0
1.63404,-0.788143,3.35942,0
1.89306,-0.907457,1.04459,0
0.861371,6.04683,1.73339,0
-0.333093,-3.32461,1.78081,0
0.230199,2.92044,1.76788,0
-1.09669,-3.10123,2.39775,0
0.482276,4.31842,0.448801,0
2.24239,3.79791,4.60047,0
-0.181814,7.70617,8.96852,0
1.79072,-1.54323,0.945684,0
1.17403,-1.53415,1.50905,0
-0.498342,-0.772105,2.49786,0
-0.206624,-0.86623,5.04901,0
1.55607,2.95005,1.33574,0
1.15893,-2.58628,2.37026,0
2.67274,-0.850572,3.8085,0
0.0809294,8.25589,10.4836,0
-2.19561,7.61043,7.64324,0
0.0481109,5.79451,2.25077,0
2.41034,-2.61601,4.79164,0
1.39493,-2.52903,2.85747,0
1.48749,2.82547,1.24866,0
3.10046,-1.83149,4.29355,0
1.39562,-1.78462,2.14453,0
0.461825,4.61657,3.61978,0
1.21442,5.93484,8.50833,0
2.15293,-1.65812,3.27714,0
0.477381,-3.86954,2.24338,0
-2.29344,7.89839,11.4543,0
0.787498,2.31481,1.78358,0
0.136186,3.32382,2.32747,0
1.20954,4.57447,1.81086,0
0.0888198,8.08879,10.1163,0
-0.968298,6.23121,10.1366,0
-0.927624,8.22302,9.74527,0
-1.31137,3.75231,3.26289,0
1.3367,4.71194,0.114552,0
-1.40674,7.66766,10.4105,0
-3.04745,7.14893,9.27463,0
0.616218,7.23319,8.18986,0
0.792767,4.6961,2.2969,0
1.61971,-3.28879,3.92959,0
-0.0441015,-1.40677,4.12022,0
-0.827776,-2.46268,2.12607,0
2.04773,-0.792532,4.29286,0
1.1088,-1.58071,2.01386,0
0.427707,-1.35471,3.39668,0
2.30011,-2.04523,1.32809,0
0.797353,4.10028,2.45196,0
-2.81198,9.23651,11.9969,0
1.02617,3.36826,2.34266,0
0.943233,5.50506,1.97166,0
0.767141,4.90836,0.312209,0
0.621203,-1.18266,2.76579,0
0.139226,-1.10363,2.8314,0
0.504666,6.11614,-0.23887,0
-0.112847,-1.73588,3.81541,0
2.18936,5.44851,3.73367,0
1.54881,-0.990718,2.76339,0
-1.69999,8.16289,9.37844,0
-1.07966,7.81471,10.7583,0
1.06648,-2.08323,2.10047,0
0.883754,-1.48619,3.84271,0
0.668905,3.93726,3.17498,0
-0.953256,-2.02075,2.42057,0
1.66744,2.39795,2.33731,0
2.06315,-1.29113,3.30179,0
-0.149736,-1.64196,3.16688,0
1.13826,4.83883,2.88586,0
1.31352,-2.53727,2.68585,0
-3.11858,8.4275,7.97275,0
0.857654,3.49567,1.33636,0
2.88517,4.98977,0.435514,0
0.106131,5.85836,2.46976,0
-1.99012,8.28582,10.4845,0
-2.05578,7.36467,10.482,0
-0.210483,5.67604,9.42232,0
-2.28629,7.10043,10.3738,0
-0.659534,8.15082,9.62364,0
-0.135215,0.0773987,0.848619,0
2.12571,2.89546,2.15158,0
2.0199,3.54284,1.96984,0
2.16354,3.36257,1.92704,0
0.718606,4.35416,0.675057,0
-0.346726,7.83833,8.33956,0
-0.857859,7.767,7.85213,0
-0.629579,-0.161566,2.79699,0
0.406753,4.47917,1.59276,0
0.369783,6.19424,8.74327,0
0.561943,-0.735409,2.45221,0
0.684944,-1.56261,3.7275,0
0.780853,3.03919,2.9122,0
-0.421773,3.28674,0.965897,0
-0.161349,-2.75041,2.89816,0
0.489607,8.40033,9.12704,0
1.43906,4.16078,2.31752,0
-0.966811,9.10313,8.79294,0
0.356954,-1.92909,1.60987,0
-0.134579,-0.412743,3.16266,0
2.28017,-1.01201,4.55861,0
0.059954,-2.96718,2.69266,0
0.785614,4.75242,1.06284,0
-1.28307,8.12367,10.5906,0
1.19479,5.61855,2.33747,0
1.53671,-1.75487,3.03048,0
1.02317,3.27154,2.45845,0
2.48415,3.38045,2.71405,0
1.04181,4.71426,0.886337,0
0.970501,3.32109,1.25111,0
-0.712929,6.36672,7.91283,0
-0.192843,6.72775,11.6592,0
-1.03844,0.0712995,3.41141,0
1.07476,-0.470664,5.18724,0
1.40317,4.29094,1.70302,0
1.36282,3.90443,2.73065,0
-1.78571,8.51824,8.07233,0
-0.254471,-2.57719,3.77069,0
-1.77056,6.64648,11.432,0
0.598576,8.41103,8.16783,0
-2.6958,8.01153,9.61654,0
0.148685,3.72896,2.03452,0
0.0916679,-0.559554,2.60609,0
1.88998,3.631,2.18859,0
-0.052083,8.57422,7.82187,0
0.0820113,5.98908,10.3527,0
-0.0146332,5.32167,2.39685,0
0.629617,-0.98898,2.06672,0
0.82757,-1.82535,2.90344,0
0.85252,-1.09941,2.17369,0
0.373571,3.92426,0.907633,0
0.105746,-1.74681,3.20602,0
-1.60606,7.21822,10.0117,0
-1.30456,6.86667,9.54508,0
2.05708,4.7881,2.63441,0
2.74633,-2.26307,3.19841,0
1.63749,4.92829,3.24518,0
0.944547,-0.641509,1.27715,0
-0.784833,-2.41413,2.71867,0
1.50345,-4.09961,4.31227,0
1.06638,3.30622,1.25523,0
0.368428,-0.016084,2.54066,0
-0.773443,4.93199,3.10089,0
-0.762037,7.60557,9.29855,0
-2.13576,6.85527,11.9706,0
0.301248,4.171,2.67507,0
1.64081,-1.66415,2.30986,0
1.17909,-0.969495,3.34806,0
1.25147,3.34303,2.43219,0
-0.633473,7.92111,8.60477,0
2.89109,-2.94882,1.97479,0
2.02135,2.63136,2.62373,0
-0.240837,4.46327,0.34058,0
0.727774,3.8243,1.21381,0
0.987261,5.08749,2.71739,0
-0.106593,-1.08832,3.04477,0
-1.42958,7.03658,8.73099,0
2.76744,4.47479,0.329596,0
-1.57728,-1.59036,3.24866,0
-2.67058,8.11029,7.51643,0
-1.69963,6.9484,9.1762,0
-0.109771,8.81315,9.29847,0
1.1321,-3.63263,3.53482,0
-0.287202,7.34763,8.32338,0
-1.66598,7.06995,8.05246,0
0.593784,4.99545,2.40915,0
1.49902,4.55784,-0.121749,0
1.46582,-1.13841,2.95348,0
3.06071,5.81726,-0.0455572,0
2.02969,-1.83566,4.53911,0
-1.53603,7.72999,10.5959,0
0.166839,7.0621,8.41754,0
-1.92897,7.00851,8.9287,0
1.61225,0.158381,4.57563,0
0.351123,7.28711,8.35946,0
-0.284721,7.30647,10.4515,0
0.0754733,-2.1535,2.02639,0
0.0459663,5.19277,3.75073,0
-0.690632,8.81293,7.80427,0
1.09299,-2.76398,1.80054,0
-1.37626,7.21118,10.9519,0
1.37353,-1.81146,4.06116,0
0.833515,-1.80564,2.01709,0
0.83925,5.29121,1.33672,0
0.645348,-2.44026,3.99611,0
2.81157,3.46385,1.27484,0
-1.86347,7.1892,8.21816,0
-0.886441,-0.50977,3.28134,0
0.0668544,4.89469,2.26173,0
-1.95676,8.65719,10.628,0
2.08389,4.48003,1.11491,0
1.82134,3.7196,1.52527,0
2.40352,-1.01324,3.36552,0
-0.938138,4.37702,2.80496,0
0.147936,-0.325578,4.15766,0
2.04052,5.45512,1.28281,0
2.79797,-1.80574,1.92069,0
0.490594,4.25209,2.62232,0
0.858695,4.67691,1.66924,0
-2.11886,8.29285,9.4087,0
-2.32254,8.77884,9.61667,0
0.606354,5.25341,2.03597,0
-0.834037,5.83461,2.02202,0
-0.538509,-1.37559,3.03626,0
-2.36051,6.25201,8.52338,0
-1.49727,9.22398,8.59536,0
1.06733,5.12817,1.75566,0
-1.5642,8.42854,10.2462,0
0.278386,4.19109,1.047,0
0.730909,-1.43445,0.746645,0
-0.0138901,6.17618,1.81419,0
-0.334632,-2.30899,1.58269,0
0.643213,4.35115,3.51801,0
1.44738,-1.3846,2.87937,0
0.198583,8.94704,10.913,0
-2.23478,7.14604,9.54494,0
-0.265661,7.00269,9.44541,0
0.827743,2.72921,1.55958,0
0.79329,-2.12038,2.04744,0
1.40068,5.3931,1.67108,0
1.62748,3.17329,1.27792,0
0.921805,2.49251,1.42409,0
-0.990679,9.55455,9.80954,0
1.92831,3.67284,0.63499,0
-0.346986,7.72234,9.1868,0
2.2686,3.36503,0.842735,0
-2.20186,7.0912,8.08972,0
1.01171,3.82589,2.67896,0
1.73748,-1.04143,0.693467,0
-0.805165,7.03858,8.99714,0
3.75772,-1.88242,4.28464,0
1.06886,3.02766,2.68989,0
1.82898,-3.35302,1.6269,0
2.92503,-1.19255,3.48928,0
-0.0846208,4.35826,1.95099,0
1.80656,0.285159,2.6614,0
-0.719647,8.06129,10.4953,0
-1.50207,9.03477,9.8063,0
-0.11318,8.35836,9.22952,0
-0.091818,-2.66102,2.79612,0
-0.660813,9.41122,9.72237,0
-0.505174,7.39458,9.83562,0
1.02639,-3.50242,2.74293,0
-0.909595,9.16306,9.1592,0
0.569085,-1.48709,3.46053,0
-1.35782,5.83847,8.2991,0
0.717793,8.82218,9.55447,0
-0.176639,5.24482,1.02674,0
0.673537,-1.90518,2.48406,0
-0.981459,8.85027,8.79987,0
2.98364,-1.29414,3.79167,0
-1.79444,8.53864,8.11874,0
1.60975,2.28453,2.54803,0
0.67017,5.20573,2.88765,0
-1.34905,8.83261,8.56412,0
0.794688,5.71399,1.6808,0
1.39454,0.1171,3.46152,0
1.28912,-2.00567,1.32972,0
-2.65802,7.85952,9.23873,0
0.0881984,3.7587,2.6638,0
1.70823,3.75234,1.30313,0
-2.01209,6.69965,9.40273,0
2.5113,4.87023,2.20453,0
0.88669,-0.451019,3.52143,0
-0.275565,-2.50038,3.66619,0
-0.205329,7.66637,10.8269,0
1.20347,-2.55301,2.82244,0
1.02962,5.3346,0.778279,0
-0.498094,7.22575,11.1105,0
1.34192,4.22986,1.56175,0
0.815574,-1.0789,2.51834,0
1.8282,5.67477,2.32934,0
0.701822,0.236364,2.39589,0
1.01109,4.30423,2.21647,0
-0.886331,-3.01579,2.34244,0
-1.08935,9.42962,9.10813,0
0.506123,5.06361,1.77227,0
1.38008,3.26376,3.30865,0
0.994209,2.01831,0.576422,0
-1.15843,6.83045,9.77305,0
1.58737,3.42642,0.43418,0
-0.245431,6.81596,9.59806,0
-2.11639,5.89112,8.19892,0
-0.901601,8.81182,9.18943,0
1.65965,4.06886,2.97567,0
-1.28071,8.26892,10.4462,0
1.00376,-1.93335,1.6288,0
-0.629124,3.59627,-0.0938369,0
-0.375113,7.33205,8.11076,0
-1.05447,8.52677,9.92362,0
-1.91208,6.6276,9.717,0
0.687647,5.35177,2.30523,0
1.91365,4.92553,0.374398,0
2.15252,-0.115609,3.04943,0
-1.2125,9.75658,8.45722,0
-1.51223,5.88733,9.0558,0
1.79574,4.82578,3.25253,0
-1.16577,5.4753,2.12874,0
-1.13025,6.00616,9.06009,0
0.850784,-2.27012,1.11261,0
-0.91156,8.47342,9.46125,0
-0.563269,8.83557,8.71064,0
-0.727146,-3.36907,2.28785,0
-0.00317412,-1.58811,1.0251,0
0.927992,-1.22558,1.85266,0
-0.310434,6.56182,8.88751,0
1.44684,-1.44302,4.59465,0
1.44084,-1.95681,4.65011,0
-1.69488,5.58235,8.29403,0
-0.828467,-1.85588,2.59876,0
-1.22435,7.81754,10.3635,0
-2.28377,8.33021,9.19634,0
1.18128,5.51515,-0.114156,0
0.812693,3.67681,3.70177,0
0.532086,-1.89913,1.92595,0
0.863204,3.99419,1.99808,0
-0.181113,3.69487,1.05308,0
-1.19916,7.74028,9.9929,0
1.39017,5.50111,3.93862,0
-2.06399,0.583396,3.49855,0
1.82673,5.094,2.16599,0
-1.0419,-1.13058,2.41444,0
-0.527089,5.50525,8.03184,0
0.812016,4.96042,1.25407,0
0.280159,-1.28043,3.14814,0
0.884018,-2.16448,4.15499,0
1.42499,2.02222,1.26646,0
1.46896,-2.23657,4.94127,0
-0.168536,4.25133,2.60991,0
2.89762,3.84401,0.966233,0
0.200508,5.2995,0.122063,0
0.123526,-2.90331,3.58446,0
1.42588,2.92474,0.557145,0
-0.475953,8.40836,7.57052,0
0.208543,-2.06097,3.43011,0
-0.3407,8.05623,10.1668,0
-2.54291,-0.698107,3.73494,0
1.4153,-1.35652,4.81538,0
-0.137779,7.64374,8.65984,0
0.595512,-0.853152,4.58615,0
-0.910925,6.3548,10.443,0
-0.472353,8.23797,8.96107,0
-0.159865,2.22166,0.402476,0
-1.36468,6.66779,9.10405,0
1.26573,-1.48784,2.37403,0
-0.0302017,-0.890227,1.93839,0
-0.102008,5.69926,3.84275,0
0.971477,-0.647685,2.82576,0
-1.86833,7.53799,9.78622,0
-0.939011,7.46982,9.15746,0
1.17376,-1.26774,2.67181,0
0.928566,0.0300014,1.33239,0
-2.43481,9.11731,8.23264,0
0.000290413,8.23634,8.82799,0
2.1141,4.13463,1.29135,0
-1.48278,7.05762,8.76579,0
2.9143,4.52418,1.58017,0
-1.99412,8.454,10.4576,0
-1.25047,8.28043,8.31047,0
0.62466,4.89359,0.576299,0
0.822616,-2.06661,3.13095,0
1.83643,4.26104,1.98009,0
0.00495828,9.83395,7.54572,0
1.99247,4.10614,2.39726,0
-0.698572,7.60985,9.4245,0
-0.109531,4.94352,1.6694,0
-0.918456,7.11173,9.80414,0
-1.77228,8.21384,10.6906,0
1.77198,3.9612,2.42373,0
-0.407865,8.10367,9.32225,0
0.0394709,-0.714021,3.81349,0
1.7632,-1.47397,3.60413,0
-3.03961,7.63856,10.5898,0
-2.57036,8.8655,9.95286,0
0.846953,3.40525,3.98592,0
0.860773,-0.744813,2.14599,0
-1.51266,7.05956,9.11342,0
1.85278,-1.90598,2.36205,0
-0.566786,5.96325,1.08518,0
0.65549,3.71112,1.66324,0
-2.47682,9.81909,9.44331,0
0.841924,3.54654,2.21866,0
0.697168,-2.17716,1.67661,0
-1.57643,7.77988,10.0589,0
-2.00554,9.15992,8.80161,0
1.83602,4.67007,2.78169,0
0.738015,4.6353,1.19269,0
2.03531,-0.964845,2.74795,0
1.72703,4.46591,2.67917,0
1.10257,4.26016,3.06798,0
0.465262,2.33218,3.04801,0
1.07683,5.80444,2.00784,0
1.18335,4.82725,1.35587,0
-2.38894,7.03298,7.69198,0
1.29506,-0.937731,5.30138,0
-1.26418,8.75339,8.82324,0
2.27697,5.22199,1.89647,0
1.33078,-2.06941,3.56363,0
-1.48831,8.03901,8.26616,0
1.59671,-1.0655,3.04232,0
1.07889,-0.700122,2.75461,0
0.399383,5.43653,2.55443,0
2.28614,-0.752579,3.85718,0
0.0122067,2.31301,2.145,0
1.08021,3.47422,2.54803,0
1.93597,-2.52849,1.55074,0
-1.35862,6.61831,7.3729,0
-0.40916,4.74842,1.20851,0
-0.556985,-0.0122622,2.05614,0
0.11091,-1.08696,3.04724,0
1.0556,-3.04448,3.00523,0
-1.52678,8.51799,8.81329,0
-0.077058,-2.26186,3.81394,0
-0.901447,8.15084,8.88287,0
-0.593612,6.95024,9.74659,0
-1.78445,8.03683,8.57232,0
1.53254,-1.1167,3.19284,0
-0.269933,6.50003,8.31068,0
1.67364,2.56636,2.17112,0
0.70568,-1.10354,4.09556,0
-1.49325,3.15466,1.5543,0
-1.28683,7.76348,7.8963,0
0.178033,-2.69992,4.53938,0
-1.88217,8.5376,8.70631,0
0.795825,-1.44752,3.65422,0
1.02686,0.235765,2.50217,0
1.22194,-0.230061,4.22179,0
-2.43567,7.64908,7.56512,0
0.00128911,6.23429,3.54912,0
1.84186,-2.58273,3.04555,0
0.27474,6.90747,8.91771,0
-1.39595,6.55038,7.98652,0
2.07819,0.792605,2.4764,0
1.9181,4.02165,1.07961,0
2.68431,-1.57984,3.24632,0
1.94987,4.51107,3.15491,0
0.731867,4.48577,0.716859,0
2.61988,-1.06585,3.73503,0
1.06241,2.56655,2.2102,0
-0.763156,6.64793,10.203,0
2.89062,4.78448,2.06758,0
1.34331,4.63665,1.5594,0
0.00624909,-1.44567,2.34689,0
0.280579,-2.78158,2.01101,0
-0.77062,0.419613,2.78248,0
-3.42476,8.64949,7.98394,0
1.61446,-1.46476,2.82372,0
-0.0413779,10.0138,9.8049,0
2.5005,6.16736,3.34665,0
1.21492,4.70943,2.35493,0
-2.53692,7.97238,8.52942,0
3.27967,-1.45736,3.15514,0
2.45226,4.95057,1.69093,0
1.07446,5.20928,3.07401,0
0.0461301,2.80971,2.52401,0
-1.91157,7.86357,8.12912,0
0.541563,-2.0867,2.65156,0
1.26674,-1.71394,2.995,0
1.34261,-1.44594,3.02431,0
-1.71693,-1.0468,2.1691,0
1.2032,-0.701952,3.87468,0
0.983274,-1.96936,1.82797,0
-2.03923,7.96002,9.80131,0
-1.53118,6.95756,7.84396,0
-2.4688,8.19208,10.9976,0
0.370599,7.18941,10.0367,0
1.68311,5.0964,1.82184,0
-0.0153079,-1.10016,3.35443,0
1.98551,5.01718,1.32721,0
0.296008,9.13052,10.0897,0
-0.788992,-2.01697,3.52534,0
1.45467,4.39552,2.09792,0
-0.812571,5.3056,10.0343,0
-1.92891,9.14763,9.78233,0
-1.51745,9.44924,9.1448,0
1.4046,-1.57957,4.75759,0
1.817,-1.10253,3.68604,0
-1.3559,6.77919,10.0301,0
-0.821415,7.2566,8.22631,0
1.86955,4.69055,2.05013,0
-0.414923,4.34005,1.24086,0
0.269826,-1.89916,3.76278,0
2.51928,-1.96296,3.92475,0
-3.11584,7.92869,9.67109,0
-1.67574,8.04509,10.0013,0
-0.80351,7.49634,8.64022,0
2.8916,-1.6912,2.58494,0
1.8002,-2.81259,3.22818,0
1.38319,-1.97071,2.59467,0
-1.69395,7.93984,8.86278,0
-1.59206,8.6192,11.057,0
1.97504,-2.7128,2.38411,0
-0.175196,4.0206,1.98541,0
2.66019,5.58616,1.71158,0
0.694744,4.86416,2.81048,0
0.54495,-0.990142,2.69575,0
0.490624,8.27124,9.92812,0
2.26224,3.14872,2.17414,0
-0.0266382,-1.48312,1.15864,0
-1.07097,-0.586999,3.38111,0
0.123744,4.69052,2.96601,0
1.18362,-3.00964,4.56181,0
0.516216,0.849708,4.1765,0
-1.84767,8.56027,9.08278,0
1.39003,-3.03123,2.73236,0
-1.47885,4.8011,1.55025,0
0.848986,3.4628,1.55996,0
1.69323,-1.37639,3.27552,0
-1.42444,7.9562,8.01359,0
0.536159,3.39867,1.7307,0
-2.51831,6.64159,8.5442,0
-0.0684044,-0.469916,3.93643,0
-0.773678,9.81478,8.62706,0
1.25956,3.50586,3.622,0
-0.446686,3.47733,2.83948,0
-1.49641,7.78059,8.79323,0
-1.0389,8.19926,8.98914,0
0.905494,0.763033,0.552786,0
0.0421251,7.26237,6.06898,0
0.218796,-2.18254,3.95787,0
-0.972578,9.22726,10.1932,0
1.38182,6.98496,9.64727,0
2.53373,-1.16556,2.66803,0
0.467837,8.19698,8.64279,0
-1.13393,7.78534,10.8258,0
-1.53937,7.35135,8.51373,0
-2.32624,7.42123,10.8779,0
-0.37693,4.27484,0.337835,0
0.626845,-2.29807,2.57976,0
-1.15983,7.33109,8.52367,0
0.518348,4.72918,2.0273,0
-2.02601,7.93745,9.69625,0
-0.293737,-1.61949,3.11798,0
-1.50897,4.88437,10.0764,0
0.966885,0.446548,4.15478,0
0.596706,4.16056,0.829127,0
-1.40324,7.44018,8.47279,0
1.33842,3.89029,3.59566,0
-0.254323,2.34552,1.5373,0
0.728855,5.89585,2.61819,0
