-0.330371,7.536621,8.669944,1
-1.292554,8.600898,8.306406,1
0.589452,-1.934848,3.519999,2
0.714251,2.702178,1.312545,3
-0.115930,7.231813,7.950139,1
1.816538,-2.709340,1.418364,2
-1.019920,-1.406912,2.962498,2
-1.776813,6.404367,10.241538,1
0.127386,6.036768,9.665989,1
-0.949267,7.942617,9.227413,1
-0.360343,3.962115,3.474871,3
1.392403,-0.481287,1.875393,2
0.094874,-1.313288,4.563468,2
-2.494231,8.074607,8.851023,1
-1.260007,7.567111,10.075396,1
1.459647,5.300527,1.505466,3
1.534245,0.648409,3.022690,2
1.748633,-1.672137,3.504710,2
0.816843,-1.934866,2.345608,2
0.862995,5.642235,2.401058,3
1.174877,4.157980,1.836153,3
1.651669,-1.732949,2.066565,2
2.089468,4.298262,0.755796,3
0.814521,-0.665666,2.780673,2
2.176533,-3.071980,1.970652,2
-0.974881,8.514924,8.531450,1
1.630768,4.765119,0.400676,3
0.846025,-0.001643,1.615309,2
1.115011,-0.648522,3.182948,2
-1.617888,7.537454,11.023048,1
-1.070471,7.686319,9.794862,1
0.036465,4.860131,0.593097,3
-1.014779,9.399580,8.971363,1
2.950265,-0.082340,3.116007,2
-3.324126,8.337886,9.778089,1
0.698927,3.831651,1.869938,3
1.608472,3.754131,2.576393,3
0.231884,7.931446,9.577933,1
0.615675,8.442002,9.652790,1
-1.659297,8.261324,8.755427,1
-1.903173,7.851375,7.840144,1
0.714598,4.124408,1.362497,3
-3.897847,7.573907,10.715790,0
2.358015,-0.033883,2.160219,2
-0.841787,-1.497311,0.864206,2
-1.868050,7.778241,9.034359,1
1.942751,4.169895,1.479500,3
1.049127,4.285233,2.155305,3
-1.430846,8.663866,8.410889,1
2.262399,5.175561,1.069308,3
-1.215322,9.315739,8.589933,1
0.158049,4.386497,0.764209,3
-1.772217,7.691914,9.878141,1
-0.874731,8.041137,10.243383,1
0.929141,3.407860,3.257342,3
2.999225,-2.147070,3.074186,2
0.667206,-2.076927,3.397746,2
2.097017,-2.528912,2.552930,2
0.914485,-1.784110,3.083088,2
-0.377725,-3.164882,2.228043,2
-1.917376,9.156946,6.824738,0
1.009709,4.984354,0.491771,3
1.224744,-4.749031,3.478131,0
0.644240,4.007687,-0.163093,3
2.819962,5.829295,0.609732,3
-2.117519,9.430336,8.942394,1
0.706227,-1.699303,2.975399,2
1.794706,4.705937,2.173323,3
-1.672762,8.460722,10.043079,1
-0.918957,7.611421,10.156062,1
1.810229,3.661378,1.955247,3
-1.702062,8.849469,9.768943,1
1.381205,-1.017679,2.874892,2
-0.307153,10.182508,9.707165,1
0.635260,-2.368594,3.530072,2
-2.974123,6.209392,8.540084,1
2.022278,4.405429,2.615431,3
-0.781987,7.602731,8.691037,1
1.288750,-2.126393,2.470222,2
1.374856,3.250613,1.415791,3
2.008415,4.843740,-0.195994,3
0.778678,-2.466968,2.487244,2
-0.195296,-3.778365,2.933084,2
2.023855,3.879891,-1.459501,0
0.938005,0.144158,1.914957,2
-3.370384,6.968822,9.108284,1
-1.564420,9.249825,7.876718,1
-0.619564,7.731149,9.638931,1
-1.961167,7.219577,10.372581,1
1.975598,4.343956,2.563741,3
0.052879,7.180403,10.175291,1
-1.318902,8.054644,9.026296,1
-1.016527,7.650200,9.100223,1
0.641658,-0.984196,3.253518,2
-3.450407,6.269579,8.873576,1
0.142592,-0.590338,3.584301,2
1.916167,4.910176,2.057028,3
-2.172279,7.206618,11.302747,1
1.055248,5.109869,2.574373,3
-0.898510,9.622224,8.661949,1
-0.588939,6.464971,9.908566,1
0.792473,-1.197434,2.736687,2
-0.749116,4.663037,2.937202,3
-2.175904,7.036353,10.183208,1
1.224801,4.272542,1.915794,3
1.923456,-0.989430,3.403294,2
-0.530308,8.336549,10.325356,1
-0.274616,5.229038,1.150481,3
0.346628,3.831529,0.541906,3
0.947730,-2.006920,4.318354,2
-0.172619,6.054178,3.241686,3
0.405168,2.335859,2.116151,3
0.750330,2.649217,1.415545,3
-2.585379,7.580801,9.279368,1
0.109481,3.737597,1.778815,3
-2.847959,8.143048,8.378841,1
0.940839,3.992626,-0.553674,0
-0.829837,7.967766,9.399408,1
-1.424819,6.244937,9.257465,1
-1.316135,8.110842,9.736773,1
-2.904322,7.741809,7.972198,1
0.663829,-1.555693,3.548919,2
0.760743,-2.190119,1.983728,2
-0.211872,4.154373,1.751939,3
-0.383427,2.165770,2.456205,3
0.457261,7.348881,7.603824,1
0.429403,8.332097,10.261108,1
0.802998,5.384388,-0.837527,3
-1.884356,8.496922,9.705773,1
-0.782331,7.541822,8.839046,1
1.854969,4.311754,3.143841,3
-0.177431,6.299594,8.452504,1
0.153531,-2.849361,2.993211,2
1.464697,3.465456,2.436431,3
1.035280,-0.567632,3.992916,2
0.294218,-0.497332,1.832720,2
0.824155,-2.322790,1.929633,2
4.033595,4.629327,2.440397,0
1.058963,5.326356,0.576216,3
-0.175528,4.458970,1.423258,3
0.297493,3.950160,1.314520,3
-0.383781,9.031469,9.624743,1
1.304746,-2.612684,3.996173,2
-1.951030,7.090014,8.944317,1
0.550961,-2.214469,3.792975,2
-0.275408,7.248482,8.351564,1
-0.538745,3.410115,1.375024,3
0.968629,-1.629434,2.944178,2
-0.427266,7.480577,8.964599,1
0.399862,-0.445952,2.526128,2
-3.664653,9.192783,9.531431,0
1.805841,4.096469,3.173266,3
-0.043489,7.826828,9.291727,1
0.480379,-0.934580,2.925182,2
0.390581,-3.404602,3.497101,2
-0.896877,3.297534,1.843104,3
0.180084,2.903246,1.870917,3
1.749516,5.815860,3.360250,3
-0.149603,-0.531792,3.748256,2
0.726999,3.144901,2.106864,3
-1.991447,8.409943,8.567975,1
-0.924314,3.166208,0.293229,0
1.463758,-0.980148,3.624263,2
2.817653,-2.800794,3.350758,2
1.498199,-0.846340,3.317839,2
0.409572,4.061638,3.569659,3
0.632653,4.235844,3.231855,3
0.760183,-0.936234,2.708942,2
0.700226,-1.798137,2.759415,2
-2.306034,7.950965,10.120530,1
0.038608,3.740477,2.948531,3
1.475363,-0.798575,2.874015,2
1.520191,3.199101,1.331546,3
0.790798,-3.073563,3.452582,2
0.411242,-0.549430,2.361949,2
0.791036,4.177659,1.806681,3
-2.849170,6.958547,8.812510,1
1.399633,-0.943827,3.957669,2
0.293745,-0.808601,3.630276,2
1.069730,2.684146,0.429841,3
0.292211,5.566110,0.049711,3
0.674963,4.206680,2.248746,3
0.758253,4.763444,1.756976,3
2.738768,3.021548,2.325094,3
-1.579543,6.608615,10.146662,1
-1.207017,8.302434,9.207110,1
0.498001,-1.340567,1.073012,2
-2.699554,6.822582,8.334922,1
0.311375,6.298493,9.728375,1
0.128602,-0.561418,4.827969,2
0.801327,-1.902888,1.702630,2
1.834508,4.398122,0.569364,3
-3.121706,8.893936,8.388220,1
-1.420789,6.882511,11.245445,1
1.348590,-3.356954,2.923734,2
0.298912,-0.820986,4.403636,2
0.094992,8.366824,10.486905,1
2.350297,-3.257489,2.786008,2
0.131498,7.622327,10.881368,1
1.362371,3.838767,2.174965,3
1.542907,2.543960,0.799298,3
1.084620,4.565456,1.140512,3
-1.899311,8.185098,7.358847,1
1.239304,-2.114023,2.386703,2
0.701780,5.675674,1.759162,3
1.193730,-2.298890,3.442844,2
0.953722,-1.973150,3.300259,2
0.641249,2.586816,0.593402,3
1.905864,3.240992,1.168861,3
1.100281,5.214183,2.600438,3
-1.428003,5.943252,11.368793,0
0.430312,-0.960741,3.696549,2
0.411065,0.041541,3.534898,2
0.402983,6.556969,9.694270,1
-1.507037,7.083336,9.506046,1
0.574045,2.770772,3.601513,3
0.953564,-3.144793,4.077557,2
1.982343,3.266672,0.250000,3
2.140818,-2.143685,2.824145,2
0.379847,-1.744854,3.365853,2
2.187968,3.561518,3.153814,3
3.053026,-2.117334,3.217269,2
1.815786,5.542809,0.270464,3
0.904820,-2.431273,1.569386,2
-0.648277,7.981304,8.833978,1
0.878840,4.942661,3.116654,3
-1.463456,8.448876,7.972342,1
1.121205,4.659793,2.630139,3
-2.387728,8.060196,8.770923,1
-1.574683,7.275964,8.309766,1
1.360070,7.796554,9.984069,1
-2.338736,8.329697,7.888667,1
-0.840503,4.115772,2.144334,3
-2.721278,7.094519,9.931953,1
-0.109385,3.035270,1.280540,3
-0.877535,7.529636,9.684382,1
-0.929393,7.959768,8.217396,1
-1.161412,7.781530,8.480133,1
1.724799,0.081396,3.757800,2
0.917644,5.560359,2.352015,3
-0.766067,3.235313,3.710617,0
1.960387,3.144581,1.618730,3
-3.304736,7.436674,9.099727,1
-0.027814,8.465368,11.542441,0
-0.780537,-2.119852,3.968515,2
0.880734,-2.325565,3.895464,2
0.250266,-1.352674,2.735585,2
1.116169,2.957056,0.855520,3
-2.336707,8.574113,8.887621,1
2.248656,3.500793,3.077571,3
0.315166,3.123596,2.252910,3
2.340522,5.403376,1.427533,3
0.394597,3.765953,0.499244,3
-1.273056,8.450310,10.370015,1
0.910536,-2.182902,3.247568,2
2.703837,4.353845,2.089772,3
-0.360473,-3.037725,1.683826,2
0.268123,-0.401818,3.938570,2
-2.018721,-1.095240,2.188832,0
1.766235,4.503127,1.915273,3
-1.619536,6.769458,10.031104,1
-1.694332,7.580425,9.040279,1
1.170477,3.336290,3.123527,3
1.621328,3.001551,2.330118,3
-1.699330,7.855284,10.208802,1
1.249125,2.346599,1.603276,3
-0.669511,6.983073,8.706823,1
1.198604,4.099141,2.008824,3
1.046129,-0.515687,3.763029,2
-1.507034,7.085586,9.012110,1
1.198530,4.738970,2.009519,3
-0.065145,6.738767,10.314928,1
4.077801,5.162541,0.900492,0
0.061907,-1.948392,1.861583,2
1.396414,-1.574401,3.236640,2
2.421106,4.496648,1.634403,3
-1.397278,0.627553,2.238708,0
0.939270,-0.384959,3.776295,2
0.677880,-1.307172,2.262798,2
3.809280,-0.627334,2.376952,0
-0.360508,5.475168,8.990414,0
1.141351,4.900475,2.816050,3
0.135954,-0.952052,1.814246,2
-1.000274,7.828595,10.017266,1
0.282097,-3.575541,4.011040,2
1.860922,-3.897752,5.050070,0
0.047802,-2.736269,3.839689,2
0.142853,7.390158,11.382105,1
2.649918,6.279179,0.878255,0
1.224654,5.628515,2.762305,3
1.011386,-2.156302,3.257381,2
0.554564,2.052759,0.369543,3
0.261067,7.294938,8.465308,1
2.120703,-0.704566,1.925044,2
0.293308,3.650661,2.485034,3
-1.969385,7.704728,9.742496,1
-0.903066,7.362625,9.039805,1
0.511325,-2.216317,4.528660,2
-1.161695,6.982411,9.517011,1
-3.237697,7.277976,8.880692,1
1.936636,-1.571988,2.699871,2
0.631058,-0.841723,3.865757,2
1.690494,6.588120,3.619370,0
0.745083,2.693544,3.485869,3
1.433072,-2.026994,4.120734,2
1.211604,3.449282,2.612044,3
2.463880,3.715533,0.655006,3
1.505623,-2.970821,3.594724,2
1.320312,3.194472,2.397325,3
3.023801,-0.643392,2.249076,2
0.618660,0.929925,2.943861,2
-0.848988,7.619152,11.004450,1
-1.415386,7.760690,10.672795,1
-1.586361,8.167702,10.063910,1
-0.318551,2.002731,4.707081,0
0.501093,-1.815865,1.187371,2
-1.091661,7.050827,11.005508,1
2.054178,4.281762,1.589221,3
-0.479598,9.344703,8.700644,1
-0.991876,8.971939,9.182743,1
-1.117146,7.459409,9.097415,1
2.148165,4.292852,1.727842,3
-0.811426,8.722097,7.757756,1
-0.010134,-0.998242,4.161804,2
0.458959,4.359454,2.244903,3
2.092209,5.643240,0.287834,3
-0.081534,7.358239,9.696657,1
-1.549496,8.687062,10.585928,1
1.642895,-3.283257,1.781111,2
-1.504442,6.387921,8.870219,1
1.100817,4.510337,1.150273,3
-1.169013,7.535756,6.351838,0
0.162672,-1.812768,1.991341,2
-2.273758,7.107393,8.969692,1
-1.611954,8.477519,9.344800,1
2.110136,-1.306705,3.285836,2
1.136929,3.444802,1.848847,3
1.862142,-2.288539,3.755357,2
-1.649331,9.313062,8.574853,1
-0.855298,8.052507,8.925210,1
0.923336,4.636793,1.406286,3
1.598396,-0.710921,1.995786,2
1.353431,4.233230,2.659427,3
0.106504,7.527614,9.068064,1
0.991030,3.912737,1.666848,3
1.091124,3.717972,2.354040,3
0.374536,8.978107,11.526508,0
0.240045,8.125893,8.990762,1
1.171690,5.792170,2.380111,3
0.576151,6.880804,9.433402,1
0.214799,-2.000461,1.812287,2
0.496850,4.615151,1.279247,3
-2.227509,8.086369,8.136057,1
-2.892885,8.273175,8.843140,1
1.012763,-1.212563,2.954208,2
1.448419,5.123704,2.962787,3
-0.676275,4.781129,7.438680,0
-2.381158,7.881197,10.211789,1
-0.085090,4.978920,2.969158,3
0.849375,-0.191208,4.500839,2
-1.463654,7.120742,8.475534,1
-0.312013,4.313359,2.472931,3
-1.981695,9.518229,10.538574,1
-0.276295,-0.367744,3.508657,2
-0.087196,-1.945628,3.629248,2
-2.084868,8.196989,7.348035,1
-2.520109,8.260843,9.118759,1
0.931774,8.544934,10.197598,1
0.461451,-1.495056,1.477614,2
1.329810,5.334129,1.552327,3
2.877321,3.430470,1.973407,3
-0.221917,5.070556,2.272793,3
-2.372350,8.235023,9.698516,1
1.404351,3.263999,2.346496,3
2.758916,-1.230843,3.033929,2
1.483225,4.446970,1.549704,3
0.552906,8.431865,9.099092,1
0.008842,7.279117,9.532291,1
1.814991,-0.972809,3.571668,2
1.072330,-0.387388,4.289927,2
1.179621,-2.549632,2.935657,2
1.952102,-0.495483,3.143912,2
0.063916,-1.521390,2.998696,2
1.340590,-2.238798,3.946283,2
2.190514,3.729572,-0.067683,3
2.385210,-0.780674,2.966674,2
-1.903279,9.070915,8.991480,1
0.902071,-1.522635,1.130674,2
0.904288,4.372440,3.220837,3
1.070384,4.685826,0.254466,3
2.095730,3.335208,3.288496,3
-1.082849,7.907212,7.805817,1
0.529906,-2.821583,2.312557,2
0.081281,-2.470634,1.763849,2
1.445248,-1.783000,1.682335,2
-2.157044,8.972278,8.367917,1
0.402726,3.920110,2.346902,3
0.320276,5.545916,0.586711,3
-2.376539,7.833789,10.162440,1
-0.365780,0.732949,4.213064,0
-2.372673,8.684221,9.652986,1
1.813990,2.813676,0.985053,3
-0.125926,5.382367,1.536533,3
1.508306,-0.835191,3.287180,2
0.291987,-1.474176,4.861603,2
1.166293,-2.098711,3.403538,2
2.044104,4.575383,2.674569,3
-0.553599,3.598451,-0.135856,3
-1.405280,6.592293,9.682543,1
1.065528,-2.453813,2.041724,2
1.361203,-1.288423,1.239438,2
-0.263748,7.993407,10.141356,1
-0.113472,-1.305294,3.253906,2
0.214869,6.278925,3.161202,3
0.578440,-1.824914,3.040570,2
2.101026,4.415848,2.574409,3
0.765325,3.328930,2.754478,3
2.545824,-0.887304,0.604619,0
2.753787,4.807266,2.062187,3
-1.473401,6.913827,8.203405,1
1.287013,-0.790545,4.246169,2
1.077596,-2.272656,2.420683,2
-1.448576,4.556523,2.101312,0
-0.366887,5.729293,2.283849,3
0.939880,-1.357070,3.741136,2
-2.416138,8.522409,9.961584,1
0.186306,3.832948,1.022214,3
-0.888644,9.671240,8.092493,1
-3.219407,7.281693,9.138680,1
0.390447,5.241346,1.800659,3
0.438834,4.616122,2.099041,3
-0.574788,8.315248,9.249483,1
0.770986,-2.093854,2.236629,2
-1.670799,8.260391,11.584311,1
-0.396868,-2.362718,4.071143,2
-0.147817,-2.333469,4.934096,2
0.290451,4.522511,2.620315,3
0.962643,4.027596,2.110614,3
-0.317364,4.980814,2.479323,3
1.064938,-0.413490,4.724333,2
0.459302,3.642954,2.360667,3
-1.048714,7.322080,8.862995,1
-2.237256,8.632277,8.915948,1
2.683054,-1.169862,1.808270,2
2.283755,-1.821329,1.411307,2
3.577149,3.999051,1.472133,3
1.883550,-2.058247,4.828312,2
2.026412,4.271718,2.007534,3
0.386274,0.534995,2.820832,2
0.478197,3.940896,2.319228,3
0.202683,3.607772,1.642911,3
1.553003,3.357857,1.743965,3
1.652402,-3.543030,4.558546,2
-0.162739,9.708050,10.283917,1
-1.937915,8.984045,8.045571,1
-0.368431,7.150036,8.428967,1
1.475115,-1.997659,2.214103,2
-0.542123,7.752894,8.058201,1
3.076199,-3.377479,3.367050,0
-0.889601,7.470762,8.395742,1
2.716524,3.939701,3.399222,3
1.634044,-0.788143,3.359416,2
1.893064,-0.907457,1.044593,2
0.861371,6.046826,1.733388,3
-0.333093,-3.324615,1.780812,2
0.230199,2.920438,1.767877,3
-1.096694,-3.101233,2.397750,2
0.482276,4.318424,0.448801,3
2.242389,3.797911,4.600468,0
-0.181814,7.706170,8.968516,1
1.790718,-1.543231,0.945684,2
1.174029,-1.534147,1.509046,2
-0.498342,-0.772105,2.497857,2
-0.206624,-0.866230,5.049015,2
1.556069,2.950054,1.335741,3
1.158935,-2.586276,2.370255,2
2.672740,-0.850572,3.808500,2
0.080929,8.255889,10.483590,1
-2.195606,7.610428,7.643238,1
0.048111,5.794509,2.250767,3
2.410337,-2.616009,4.791636,2
1.394935,-2.529026,2.857471,2
1.487489,2.825467,1.248661,3
3.100460,-1.831486,4.293554,2
1.395624,-1.784622,2.144530,2
0.461825,4.616574,3.619780,3
1.214419,5.934839,8.508326,0
2.152930,-1.658125,3.277137,2
0.477381,-3.869540,2.243379,2
-2.293445,7.898394,11.454298,1
0.787498,2.314813,1.783584,3
0.136186,3.323816,2.327470,3
1.209539,4.574472,1.810860,3
0.088820,8.088791,10.116306,1
-0.968298,6.231207,10.136621,1
-0.927624,8.223023,9.745266,1
-1.311370,3.752313,3.262888,0
1.336697,4.711936,0.114552,3
-1.406741,7.667663,10.410534,1
-3.047453,7.148933,9.274628,1
0.616218,7.233187,8.189864,1
0.792767,4.696095,2.296902,3
1.619715,-3.288794,3.929591,2
-0.044102,-1.406769,4.120224,2
-0.827776,-2.462682,2.126075,2
2.047735,-0.792532,4.292864,2
1.108796,-1.580712,2.013861,2
0.427707,-1.354708,3.396679,2
2.300109,-2.045225,1.328094,2
0.797353,4.100277,2.451960,3
-2.811980,9.236506,11.996943,0
1.026168,3.368257,2.342655,3
0.943233,5.505058,1.971663,3
0.767141,4.908360,0.312209,3
0.621203,-1.182658,2.765788,2
0.139226,-1.103626,2.831398,2
0.504666,6.116142,-0.238870,3
-0.112847,-1.735879,3.815412,2
2.189358,5.448506,3.733672,3
1.548809,-0.990718,2.763392,2
-1.699992,8.162887,9.378438,1
-1.079657,7.814709,10.758273,1
1.066485,-2.083234,2.100466,2
0.883754,-1.486186,3.842715,2
0.668905,3.937263,3.174979,3
-0.953256,-2.020751,2.420567,2
1.667435,2.397950,2.337312,3
2.063146,-1.291128,3.301785,2
-0.149736,-1.641956,3.166877,2
1.138260,4.838826,2.885856,3
1.313522,-2.537274,2.685855,2
-3.118583,8.427496,7.972755,1
0.857654,3.495671,1.336357,3
2.885172,4.989767,0.435514,3
0.106131,5.858359,2.469760,3
-1.990120,8.285819,10.484509,1
-2.055779,7.364671,10.482017,1
-0.210483,5.676044,9.422320,1
-2.286293,7.100432,10.373755,1
-0.659534,8.150819,9.623642,1
-0.135215,0.077399,0.848619,0
2.125711,2.895461,2.151578,3
2.019900,3.542840,1.969836,3
2.163541,3.362565,1.927038,3
0.718606,4.354158,0.675057,3
-0.346726,7.838331,8.339559,1
-0.857859,7.767003,7.852126,1
-0.629579,-0.161566,2.796988,2
0.406753,4.479174,1.592762,3
0.369783,6.194238,8.743267,1
0.561943,-0.735409,2.452209,2
0.684944,-1.562608,3.727503,2
0.780853,3.039192,2.912201,3
-0.421773,3.286740,0.965897,3
-0.161349,-2.750412,2.898161,2
0.489607,8.400331,9.127035,1
1.439060,4.160779,2.317522,3
-0.966811,9.103128,8.792944,1
0.356954,-1.929088,1.609871,2
-0.134579,-0.412743,3.162663,2
2.280172,-1.012006,4.558607,2
0.059954,-2.967179,2.692663,2
0.785614,4.752425,1.062838,3
-1.283066,8.123671,10.590649,1
1.194790,5.618551,2.337465,3
1.536712,-1.754865,3.030475,2
1.023175,3.271544,2.458453,3
2.484146,3.380446,2.714045,3
1.041806,4.714258,0.886337,3
0.970501,3.321088,1.251108,3
-0.712929,6.366725,7.912826,1
-0.192843,6.727749,11.659239,1
-1.038442,0.071300,3.411413,2
1.074757,-0.470664,5.187242,2
1.403166,4.290938,1.703019,3
1.362822,3.904434,2.730649,3
-1.785707,8.518240,8.072329,1
-0.254471,-2.577188,3.770693,2
-1.770557,6.646485,11.432009,1
0.598576,8.411031,8.167828,1
-2.695800,8.011535,9.616545,1
0.148685,3.728958,2.034516,3
0.091668,-0.559554,2.606088,2
1.889976,3.631002,2.188592,3
-0.052083,8.574223,7.821873,1
0.082011,5.989083,10.352728,1
-0.014633,5.321667,2.396855,3
0.629617,-0.988980,2.066720,2
0.827570,-1.825348,2.903438,2
0.852520,-1.099415,2.173694,2
0.373571,3.924262,0.907633,3
0.105746,-1.746814,3.206019,2
-1.606064,7.218219,10.011749,1
-1.304562,6.866675,9.545078,1
2.057082,4.788099,2.634408,3
2.746335,-2.263067,3.198409,2
1.637488,4.928295,3.245184,3
0.944547,-0.641509,1.277150,2
-0.784833,-2.414135,2.718666,2
1.503445,-4.099613,4.312272,2
1.066383,3.306220,1.255229,3
0.368428,-0.016084,2.540662,2
-0.773443,4.931993,3.100893,3
-0.762037,7.605569,9.298548,1
-2.135765,6.855266,11.970609,1
0.301248,4.171003,2.675069,3
1.640805,-1.664154,2.309861,2
1.179086,-0.969495,3.348060,2
1.251468,3.343033,2.432194,3
-0.633473,7.921106,8.604768,1
2.891092,-2.948816,1.974787,0
2.021353,2.631359,2.623734,3
-0.240837,4.463274,0.340580,3
0.727774,3.824304,1.213811,3
0.987261,5.087492,2.717387,3
-0.106593,-1.088319,3.044773,2
-1.429577,7.036582,8.730990,1
2.767439,4.474788,0.329596,3
-1.577285,-1.590363,3.248660,2
-2.670578,8.110286,7.516433,1
-1.699628,6.948403,9.176204,1
-0.109771,8.813146,9.298468,1
1.132105,-3.632627,3.534817,2
-0.287202,7.347626,8.323381,1
-1.665975,7.069946,8.052464,1
0.593784,4.995449,2.409153,3
1.499021,4.557844,-0.121749,3
1.465819,-1.138406,2.953481,2
3.060712,5.817264,-0.045557,0
2.029692,-1.835663,4.539106,2
-1.536028,7.729986,10.595942,1
0.166839,7.062095,8.417542,1
-1.928966,7.008512,8.928699,1
1.612248,0.158381,4.575629,2
0.351123,7.287111,8.359465,1
-0.284721,7.306473,10.451502,1
0.075473,-2.153505,2.026387,2
0.045966,5.192768,3.750729,3
-0.690632,8.812933,7.804271,1
1.092994,-2.763978,1.800542,2
-1.376260,7.211182,10.951870,1
1.373530,-1.811463,4.061159,2
0.833515,-1.805643,2.017094,2
0.839250,5.291212,1.336718,3
0.645348,-2.440256,3.996113,2
2.811571,3.463847,1.274843,3
-1.863467,7.189203,8.218156,1
-0.886441,-0.509770,3.281341,2
0.066854,4.894692,2.261729,3
-1.956756,8.657194,10.627969,1
2.083895,4.480026,1.114914,3
1.821337,3.719597,1.525265,3
2.403525,-1.013238,3.365516,2
-0.938138,4.377023,2.804956,3
0.147936,-0.325578,4.157663,2
2.040520,5.455117,1.282810,3
2.797973,-1.805736,1.920688,2
0.490594,4.252090,2.622324,3
0.858695,4.676908,1.669239,3
-2.118864,8.292852,9.408695,1
-2.322543,8.778844,9.616674,1
0.606354,5.253407,2.035969,3
-0.834037,5.834614,2.022017,3
-0.538509,-1.375591,3.036259,2
-2.360506,6.252009,8.523378,1
-1.497268,9.223977,8.595357,1
1.067330,5.128174,1.755659,3
-1.564204,8.428544,10.246195,1
0.278386,4.191086,1.047003,3
0.730909,-1.434449,0.746645,2
-0.013890,6.176181,1.814194,3
-0.334632,-2.308991,1.582693,2
0.643213,4.351152,3.518008,3
1.447384,-1.384602,2.879374,2
0.198583,8.947038,10.913003,1
-2.234776,7.146044,9.544939,1
-0.265661,7.002692,9.445412,1
0.827743,2.729205,1.559579,3
0.793290,-2.120380,2.047441,2
1.400683,5.393096,1.671082,3
1.627479,3.173291,1.277921,3
0.921805,2.492509,1.424092,3
-0.990679,9.554545,9.809538,1
1.928310,3.672840,0.634990,3
-0.346986,7.722343,9.186798,1
2.268605,3.365026,0.842735,3
-2.201865,7.091196,8.089716,1
1.011713,3.825886,2.678961,3
1.737484,-1.041433,0.693467,2
-0.805165,7.038576,8.997136,1
3.757718,-1.882419,4.284641,0
1.068861,3.027659,2.689886,3
1.828983,-3.353025,1.626897,2
2.925029,-1.192551,3.489279,2
-0.084621,4.358261,1.950989,3
1.806556,0.285159,2.661402,2
-0.719647,8.061293,10.495277,1
-1.502073,9.034775,9.806300,1
-0.113180,8.358359,9.229516,1
-0.091818,-2.661021,2.796116,2
-0.660813,9.411224,9.722375,1
-0.505174,7.394575,9.835620,1
1.026393,-3.502419,2.742929,2
-0.909595,9.163061,9.159204,1
0.569085,-1.487088,3.460530,2
-1.357819,5.838470,8.299098,1
0.717793,8.822175,9.554472,1
-0.176639,5.244818,1.026741,3
0.673537,-1.905175,2.484058,2
-0.981459,8.850268,8.799873,1
2.983638,-1.294136,3.791669,2
-1.794435,8.538636,8.118741,1
1.609747,2.284532,2.548032,3
0.670170,5.205728,2.887646,3
-1.349047,8.832613,8.564120,1
0.794688,5.713992,1.680796,3
1.394539,0.117100,3.461515,2
1.289123,-2.005669,1.329715,2
-2.658020,7.859525,9.238729,1
0.088198,3.758703,2.663797,3
1.708226,3.752338,1.303134,3
-2.012088,6.699649,9.402732,1
2.511299,4.870227,2.204533,3
0.886690,-0.451019,3.521426,2
-0.275565,-2.500385,3.666186,2
-0.205329,7.666372,10.826882,1
1.203469,-2.553006,2.822440,2
1.029615,5.334603,0.778279,3
-0.498094,7.225746,11.110459,1
1.341922,4.229864,1.561750,3
0.815574,-1.078900,2.518337,2
1.828202,5.674769,2.329342,3
0.701822,0.236364,2.395891,2
1.011091,4.304227,2.216472,3
-0.886331,-3.015791,2.342437,2
-1.089352,9.429623,9.108130,1
0.506123,5.063611,1.772273,3
1.380079,3.263759,3.308652,3
0.994209,2.018307,0.576422,3
-1.158429,6.830445,9.773053,1
1.587374,3.426424,0.434180,3
-0.245431,6.815957,9.598061,1
-2.116386,5.891115,8.198924,1
-0.901601,8.811818,9.189434,1
1.659654,4.068862,2.975670,3
-1.280708,8.268915,10.446195,1
1.003759,-1.933354,1.628798,2
-0.629124,3.596272,-0.093837,3
-0.375113,7.332050,8.110758,1
-1.054467,8.526769,9.923619,1
-1.912075,6.627604,9.717003,1
0.687647,5.351769,2.305225,3
1.913650,4.925528,0.374398,3
2.152524,-0.115609,3.049430,2
-1.212496,9.756576,8.457218,1
-1.512230,5.887326,9.055799,1
1.795737,4.825775,3.252527,3
-1.165770,5.475304,2.128737,3
-1.130252,6.006155,9.060093,1
0.850784,-2.270123,1.112614,2
-0.911560,8.473422,9.461249,1
-0.563269,8.835569,8.710639,1
-0.727146,-3.369073,2.287853,2
-0.003174,-1.588115,1.025101,2
0.927992,-1.225575,1.852664,2
-0.310434,6.561820,8.887512,1
1.446841,-1.443015,4.594645,2
1.440845,-1.956811,4.650109,2
-1.694879,5.582354,8.294030,1
-0.828467,-1.855885,2.598764,2
-1.224351,7.817536,10.363470,1
-2.283773,8.330210,9.196342,1
1.181283,5.515151,-0.114156,3
0.812693,3.676807,3.701773,3
0.532086,-1.899133,1.925947,2
0.863204,3.994195,1.998083,3
-0.181113,3.694870,1.053084,3
-1.199162,7.740284,9.992902,1
1.390170,5.501109,3.938621,3
-2.063987,0.583396,3.498552,0
1.826735,5.093998,2.165994,3
-1.041897,-1.130582,2.414442,2
-0.527089,5.505247,8.031837,1
0.812016,4.960424,1.254066,3
0.280159,-1.280430,3.148139,2
0.884018,-2.164482,4.154988,2
1.424989,2.022224,1.266458,3
1.468959,-2.236574,4.941273,2
-0.168536,4.251328,2.609915,3
2.897617,3.844007,0.966233,3
0.200508,5.299499,0.122063,3
0.123526,-2.903312,3.584461,2
1.425883,2.924737,0.557145,3
-0.475953,8.408362,7.570522,1
0.208543,-2.060972,3.430106,2
-0.340700,8.056231,10.166844,1
-2.542911,-0.698107,3.734935,0
1.415301,-1.356524,4.815377,2
-0.137779,7.643735,8.659839,1
0.595512,-0.853152,4.586147,2
-0.910925,6.354802,10.443013,1
-0.472353,8.237972,8.961069,1
-0.159865,2.221658,0.402476,3
-1.364681,6.667794,9.104048,1
1.265731,-1.487839,2.374027,2
-0.030202,-0.890227,1.938388,2
-0.102008,5.699260,3.842752,0
0.971477,-0.647685,2.825761,2
-1.868328,7.537985,9.786216,1
-0.939011,7.469821,9.157458,1
1.173757,-1.267742,2.671811,2
0.928566,0.030001,1.332391,2
-2.434806,9.117310,8.232642,1
0.000290,8.236341,8.827986,1
2.114097,4.134630,1.291354,3
-1.482778,7.057617,8.765792,1
2.914305,4.524179,1.580173,3
-1.994120,8.454000,10.457559,1
-1.250469,8.280429,8.310471,1
0.624660,4.893587,0.576299,3
0.822616,-2.066613,3.130953,2
1.836432,4.261044,1.980090,3
0.004958,9.833946,7.545722,0
1.992465,4.106136,2.397256,3
-0.698572,7.609855,9.424500,1
-0.109531,4.943523,1.669404,3
-0.918456,7.111729,9.804144,1
-1.772276,8.213844,10.690582,1
1.771976,3.961203,2.423734,3
-0.407865,8.103666,9.322253,1
0.039471,-0.714021,3.813492,2
1.763204,-1.473974,3.604132,2
-3.039615,7.638558,10.589842,1
-2.570357,8.865499,9.952859,1
0.846953,3.405248,3.985915,3
0.860773,-0.744813,2.145993,2
-1.512660,7.059560,9.113416,1
1.852782,-1.905977,2.362048,2
-0.566786,5.963248,1.085175,3
0.655490,3.711123,1.663238,3
-2.476824,9.819090,9.443307,1
0.841924,3.546538,2.218657,3
0.697168,-2.177163,1.676613,2
-1.576427,7.779880,10.058914,1
-2.005539,9.159916,8.801606,1
1.836015,4.670068,2.781691,3
0.738015,4.635295,1.192693,3
2.035313,-0.964845,2.747952,2
1.727031,4.465906,2.679168,3
1.102574,4.260158,3.067982,3
0.465262,2.332175,3.048012,3
1.076826,5.804444,2.007837,3
1.183346,4.827250,1.355873,3
-2.388938,7.032985,7.691982,1
1.295057,-0.937731,5.301375,2
-1.264183,8.753386,8.823241,1
2.276966,5.221990,1.896467,3
1.330782,-2.069411,3.563634,2
-1.488313,8.039008,8.266156,1
1.596709,-1.065500,3.042318,2
1.078889,-0.700122,2.754614,2
0.399383,5.436529,2.554434,3
2.286138,-0.752579,3.857181,2
0.012207,2.313009,2.144998,3
1.080206,3.474216,2.548027,3
1.935974,-2.528489,1.550741,2
-1.358625,6.618311,7.372899,1
-0.409160,4.748419,1.208506,3
-0.556985,-0.012262,2.056139,2
0.110910,-1.086958,3.047244,2
1.055596,-3.044482,3.005228,2
-1.526777,8.517990,8.813290,1
-0.077058,-2.261856,3.813941,2
-0.901447,8.150842,8.882868,1
-0.593612,6.950239,9.746593,1
-1.784448,8.036831,8.572321,1
1.532545,-1.116705,3.192836,2
-0.269933,6.500027,8.310679,1
1.673643,2.566358,2.171123,3
0.705680,-1.103536,4.095564,2
-1.493253,3.154664,1.554297,0
-1.286828,7.763484,7.896298,1
0.178033,-2.699916,4.539376,2
-1.882167,8.537599,8.706308,1
0.795825,-1.447517,3.654217,2
1.026856,0.235765,2.502166,2
1.221935,-0.230061,4.221790,2
-2.435674,7.649085,7.565119,1
0.001289,6.234289,3.549122,0
1.841857,-2.582730,3.045547,2
0.274740,6.907475,8.917709,1
-1.395949,6.550385,7.986520,1
2.078195,0.792605,2.476396,0
1.918104,4.021652,1.079613,3
2.684309,-1.579840,3.246316,2
1.949869,4.511070,3.154910,3
0.731867,4.485770,0.716859,3
2.619881,-1.065855,3.735031,2
1.062408,2.566552,2.210201,3
-0.763156,6.647935,10.203038,1
2.890625,4.784477,2.067577,3
1.343306,4.636655,1.559399,3
0.006249,-1.445669,2.346889,2
0.280579,-2.781578,2.011008,2
-0.770620,0.419613,2.782485,0
-3.424763,8.649490,7.983942,1
1.614458,-1.464757,2.823722,2
-0.041378,10.013775,9.804904,1
2.500497,6.167363,3.346645,0
1.214924,4.709430,2.354926,3
-2.536917,7.972375,8.529420,1
3.279674,-1.457364,3.155142,2
2.452260,4.950567,1.690933,3
1.074457,5.209277,3.074009,3
0.046130,2.809714,2.524007,3
-1.911570,7.863574,8.129121,1
0.541563,-2.086703,2.651557,2
1.266740,-1.713935,2.994996,2
1.342613,-1.445938,3.024310,2
-1.716933,-1.046798,2.169096,0
1.203196,-0.701952,3.874680,2
0.983274,-1.969362,1.827975,2
-2.039232,7.960023,9.801311,1
-1.531177,6.957555,7.843963,1
-2.468804,8.192078,10.997578,1
0.370599,7.189413,10.036748,1
1.683113,5.096395,1.821844,3
-0.015308,-1.100164,3.354427,2
1.985515,5.017177,1.327210,3
0.296008,9.130521,10.089725,1
-0.788992,-2.016972,3.525335,2
1.454675,4.395525,2.097921,3
-0.812571,5.305602,10.034328,1
-1.928913,9.147633,9.782327,1
-1.517447,9.449237,9.144797,1
1.404596,-1.579567,4.757588,2
1.817000,-1.102530,3.686042,2
-1.355899,6.779190,10.030102,1
-0.821415,7.256604,8.226307,1
1.869546,4.690548,2.050133,3
-0.414923,4.340047,1.240862,3
0.269826,-1.899159,3.762780,2
2.519277,-1.962965,3.924752,2
-3.115840,7.928688,9.671092,1
-1.675744,8.045086,10.001285,1
-0.803510,7.496342,8.640223,1
2.891597,-1.691201,2.584938,2
1.800203,-2.812593,3.228185,2
1.383186,-1.970712,2.594671,2
-1.693954,7.939839,8.862777,1
-1.592061,8.619204,11.057000,1
1.975043,-2.712801,2.384106,2
-0.175196,4.020601,1.985408,3
2.660192,5.586160,1.711577,3
0.694744,4.864157,2.810477,3
0.544950,-0.990142,2.695747,2
0.490624,8.271240,9.928119,1
2.262243,3.148720,2.174144,3
-0.026638,-1.483121,1.158641,2
-1.070969,-0.586999,3.381111,2
0.123744,4.690517,2.966007,3
1.183619,-3.009644,4.561809,2
0.516216,0.849708,4.176497,0
-1.847673,8.560272,9.082782,1
1.390032,-3.031226,2.732363,2
-1.478848,4.801101,1.550254,0
0.848986,3.462803,1.559961,3
1.693225,-1.376392,3.275522,2
-1.424443,7.956198,8.013586,1
0.536159,3.398674,1.730701,3
-2.518312,6.641593,8.544198,1
-0.068404,-0.469916,3.936431,2
-0.773678,9.814777,8.627060,1
1.259558,3.505863,3.621996,3
-0.446686,3.477326,2.839476,3
-1.496412,7.780594,8.793235,1
-1.038905,8.199260,8.989137,1
0.905494,0.763033,0.552786,0
0.042125,7.262368,6.068984,0
0.218796,-2.182537,3.957875,2
-0.972578,9.227262,10.193247,1
1.381821,6.984957,9.647269,1
2.533727,-1.165561,2.668031,2
0.467837,8.196976,8.642789,1
-1.133934,7.785343,10.825768,1
-1.539371,7.351351,8.513725,1
-2.326241,7.421233,10.877942,1
-0.376930,4.274842,0.337835,3
0.626845,-2.298067,2.579756,2
-1.159827,7.331089,8.523672,1
0.518348,4.729181,2.027296,3
-2.026008,7.937452,9.696248,1
-0.293737,-1.619490,3.117980,2
-1.508968,4.884371,10.076352,0
0.966885,0.446548,4.154783,2
0.596706,4.160564,0.829127,3
-1.403240,7.440178,8.472792,1
1.338422,3.890291,3.595656,3
-0.254323,2.345516,1.537305,3
0.728855,5.895846,2.618187,3
